{
    "C_vec": 0.9230199307203293,
    "C_CS": 0.8577470190823078,
    "E'_n": 0.3837806642055511,
    "E'_m": 0.244410739839077,
    "epsilon": 0.360410175845027,
    "L_div_n": 0.03569145239889622,
    "sigma_J": 0.8153600499033928
}